{
    "avg_prec": {
        "train": 0.9931443269287498,
        "test": 0.9810757943452855
    },
    "roc_auc": {
        "train": 0.9917878805169728,
        "test": 0.9807576123200383
    }
}
